{"file_list": [{"file_type": "nordic_app_img", "128b_md5_hash": "80a0a11a9641f20e443a45968b102bc2", "file_version": "290001062", "target_platform": "ring-tracker-brody-v1", "filename": "ring-tracker-brody-v1-release.bin"}, {"file_type": "nordic_app_val_img", "128b_md5_hash": "05cf0a3d1a03b9016ae3ae89d6563651", "file_version": "290001062", "target_platform": "ring-tracker-brody-v1", "filename": "ring-tracker-brody-v1-release.dat"}, {"file_type": "nordic_sd_bl_img", "128b_md5_hash": "8d24acd97f4154fccdfc4545e9893c67", "file_version": "290001062", "target_platform": "ring-tracker-brody-v1", "filename": "sd_bl.bin"}, {"file_type": "nordic_sd_bl_val_img", "128b_md5_hash": "c0e0bc656b3f03878778a0d35f476533", "file_version": "290001062", "target_platform": "ring-tracker-brody-v1", "filename": "sd_bl.dat"}], "firmware_version": "290001062", "manifest_version": "2"}