{"file_list": [{"file_type": "nordic_app_img", "128b_md5_hash": "fd346d36870668df3bb2543a41d04157", "file_version": "260000152", "target_platform": "buddy-edge-tracker-dvtl-sdk17", "filename": "buddy-edge-tracker-dvtl-sdk17-release.bin"}, {"file_type": "nordic_app_val_img", "128b_md5_hash": "dd540aedf977ac7db4b48fabdbd55777", "file_version": "260000152", "target_platform": "buddy-edge-tracker-dvtl-sdk17", "filename": "buddy-edge-tracker-dvtl-sdk17-release.dat"}, {"file_type": "nordic_sd_bl_img", "128b_md5_hash": "f5f33061ff661b19c3278f626b99cc11", "file_version": "260000152", "target_platform": "buddy-edge-tracker-dvtl-sdk17", "filename": "sd_bl.bin"}, {"file_type": "nordic_sd_bl_val_img", "128b_md5_hash": "63aa638a4483d2f89bf6f690894cda36", "file_version": "260000152", "target_platform": "buddy-edge-tracker-dvtl-sdk17", "filename": "sd_bl.dat"}], "firmware_version": "260000152", "manifest_version": "2"}