{"file_list": [{"file_type": "nordic_app_img", "128b_md5_hash": "4baaa181d1c2b41a25f6eca7a737907c", "file_version": "260000152", "target_platform": "fetch-sailboat-edge-tracker", "filename": "fetch-sailboat-edge-tracker-release.bin"}, {"file_type": "nordic_app_val_img", "128b_md5_hash": "ab8304aa4ff4e6c9f4cd12fd59363084", "file_version": "260000152", "target_platform": "fetch-sailboat-edge-tracker", "filename": "fetch-sailboat-edge-tracker-release.dat"}, {"file_type": "nordic_sd_bl_img", "128b_md5_hash": "c7bab6bd3e05ef477f90dbd837e313b6", "file_version": "260000152", "target_platform": "fetch-sailboat-edge-tracker", "filename": "sd_bl.bin"}, {"file_type": "nordic_sd_bl_val_img", "128b_md5_hash": "4eafccd84b335a354649d255f1fffef3", "file_version": "260000152", "target_platform": "fetch-sailboat-edge-tracker", "filename": "sd_bl.dat"}], "firmware_version": "260000152", "manifest_version": "2"}