{"file_list": [{"file_type": "nordic_app_img", "128b_md5_hash": "527384fe7ade8d89a165d149ec8a3e1e", "file_version": "290001050", "target_platform": "ring-tracker-brody-v1", "filename": "ring-tracker-brody-v1-debug.bin"}, {"file_type": "nordic_app_val_img", "128b_md5_hash": "0a8c6fee9b2cf81a809e84b9b5a051dc", "file_version": "290001050", "target_platform": "ring-tracker-brody-v1", "filename": "ring-tracker-brody-v1-debug.dat"}, {"file_type": "nordic_sd_bl_img", "128b_md5_hash": "49585708f2867566faa8556d2611265a", "file_version": "290001050", "target_platform": "ring-tracker-brody-v1", "filename": "sd_bl.bin"}, {"file_type": "nordic_sd_bl_val_img", "128b_md5_hash": "ecad2e6c1d4cd2c42fcc84a98a26330a", "file_version": "290001050", "target_platform": "ring-tracker-brody-v1", "filename": "sd_bl.dat"}], "firmware_version": "290001050", "manifest_version": "2"}