{"file_list": [{"file_type": "nordic_app_img", "128b_md5_hash": "732627bdc11ba35cf0c14905c51ad9d0", "file_version": "260000152", "target_platform": "buddy-edge-tracker-dvtl", "filename": "buddy-edge-tracker-dvtl-release.bin"}, {"file_type": "nordic_app_val_img", "128b_md5_hash": "cbd62e25f4721221a9f6ff41a4bfc017", "file_version": "260000152", "target_platform": "buddy-edge-tracker-dvtl", "filename": "buddy-edge-tracker-dvtl-release.dat"}, {"file_type": "nordic_sd_bl_img", "128b_md5_hash": "6d924748f654dc8080628f38a518d3d3", "file_version": "260000152", "target_platform": "buddy-edge-tracker-dvtl", "filename": "sd_bl.bin"}, {"file_type": "nordic_sd_bl_val_img", "128b_md5_hash": "5ec60757b87703a8802726280f28f3ea", "file_version": "260000152", "target_platform": "buddy-edge-tracker-dvtl", "filename": "sd_bl.dat"}], "firmware_version": "260000152", "manifest_version": "2"}